ablation_step,n_factors,factors,composite_rank_ic,composite_long_short_total_return,strategy,mode,n_periods,gross_total_return,gross_annual_return,total_return,annual_return,benchmark_total_return,benchmark_annual_return,active_total_return,annual_excess_return,tracking_error,information_ratio,cost_drag,annual_volatility,sharpe,max_drawdown,win_rate,avg_buy_turnover,avg_sell_turnover,avg_one_way_turnover,annualized_one_way_turnover,avg_cash_weight,avg_blocked_buys,avg_blocked_sells,total_sell_fee,total_slippage_cost,total_impact_cost,total_cost,final_nav
amount_only,1,amount_mean_sd_log,0.07214712018430837,1.5405106218000273,historical_20d_ic,next_close_to_close,260,0.370730041230489,0.3574943334687124,0.29358420620696934,0.2833788191392663,0.015476777417185339,0.014997016027038512,0.273868821990334,0.26441634691966365,0.11151929830728569,2.1585685853644954,0.07714583502351968,0.21177657127492952,1.2845728505078715,-0.14777624564043357,0.5807692307692308,0.0723601314681646,0.06851397762201075,0.07043705454508768,17.750137745362096,3.2922382768692143e-16,0.2076923076923077,0.0038461538461538464,111519.09854781967,228038.19709563933,379760.42246747925,719317.7181109383,12935842.062069694
amount_plus_imbalance,2,amount_mean_sd_log|buy_sell_imbalance_surprise_10d,0.06530990617619309,1.3903494420795028,historical_20d_ic,next_close_to_close,269,0.352526677806033,0.32695994302351905,0.24311721565517241,0.2261375662784506,0.02545853610066917,0.023830617316526803,0.21225497852127195,0.19759806509027067,0.0976917935395258,1.8714818981242447,0.10940946215086056,0.19337841134831305,1.1514412009595107,-0.1585438982241597,0.5724907063197026,0.09995857615084047,0.09624110403188137,0.09809984009136091,24.72115970302295,3.867208082058631e-16,0.20074349442379183,0.0,161710.8902425151,328421.7804850302,560327.5484883889,1050460.2192159342,12431172.156551724
amount_plus_imbalance_plus_range,3,amount_mean_sd_log|buy_sell_imbalance_surprise_10d|intraday_range_10d,0.07133157657248823,1.5713435820870827,historical_20d_ic,next_close_to_close,270,0.28880981714223664,0.2671934317462652,0.2136591287090559,0.19809230379621345,0.0192834919101732,0.017986435559420366,0.19069830752837946,0.1769236425412899,0.10675014843433979,1.550827722258189,0.07515068843318073,0.1938558414011601,1.0297275861968163,-0.16069536240677762,0.5518518518518518,0.07303829672362053,0.0693345930199168,0.07118644487176866,17.9389841076857,4.346317544551076e-16,0.2,0.003703703703703704,113135.60595801259,231271.2119160252,377826.0539644382,722232.871838476,12136591.287090559
all_legacy_four,4,amount_mean_sd_log|buy_sell_imbalance_surprise_10d|intraday_range_10d|reversal_5d,0.06957076047233839,1.2051854976451217,historical_20d_ic,next_close_to_close,274,0.27943664260027834,0.25437108818965815,0.18235418355847122,0.16655856006358083,0.03811478688896641,0.035001558663320775,0.13894359129760536,0.1271080224943426,0.10633738762925628,1.149821125824528,0.09708245904180712,0.19300708768295266,0.8952514252393149,-0.14591912011867858,0.5656934306569343,0.0958250684347135,0.09217543339821717,0.09400025091646533,23.68806323094926,4.797460077212355e-16,0.18248175182481752,0.0,151213.31433997484,307426.6286799497,483793.93730832054,942433.8803282452,11823541.835584711
plus_trade_size_surprise,5,amount_mean_sd_log|buy_sell_imbalance_surprise_10d|intraday_range_10d|reversal_5d|avg_trade_size_surprise_20d,0.0700583547873663,1.1979036967631655,historical_20d_ic,next_close_to_close,274,0.2350784739125984,0.21431739463896138,0.14092996113574996,0.12891579187460023,0.03811478688896641,0.035001558663320775,0.0990402752617563,0.09073825292839821,0.10472604437837493,0.8572215943103247,0.09414851277684844,0.1946624258552705,0.7207057123622503,-0.16371194185084736,0.5583941605839416,0.09606417310854024,0.09241453807204388,0.09423935559029206,23.7483176087536,4.1045836640338815e-16,0.18613138686131386,0.0,150000.26186890152,305000.52373780304,482268.93651188724,937269.7221185918,11409299.611357499
plus_price_volume_pressure,6,amount_mean_sd_log|buy_sell_imbalance_surprise_10d|intraday_range_10d|reversal_5d|avg_trade_size_surprise_20d|price_volume_pressure_10d,0.07062863259838456,1.2392528045068194,historical_20d_ic,next_close_to_close,274,0.2805630967691357,0.2553867647023538,0.18383098932166253,0.16789857778220085,0.03811478688896641,0.035001558663320775,0.14036617556463193,0.12840272365436278,0.10484869914913694,1.1753736409599989,0.09673210744747318,0.1921034602459756,0.904498506246052,-0.14841869456779444,0.5547445255474452,0.09478566340129992,0.09113602836480356,0.09296084588305173,23.426133162529037,1.1434486771869314e-15,0.18613138686131386,0.0,149392.47420576206,303784.9484115242,484301.01953042764,937478.4421477139,11838309.893216625
all_seven,7,amount_mean_sd_log|buy_sell_imbalance_surprise_10d|intraday_range_10d|reversal_5d|avg_trade_size_surprise_20d|price_volume_pressure_10d|gap_intraday_divergence_5d,0.07034529037099174,1.2386335342588572,historical_20d_ic,next_close_to_close,274,0.256631671161065,0.23379326501962727,0.1618292287281955,0.14792071886254554,0.03811478688896641,0.035001558663320775,0.11917221814167234,0.10910047357325325,0.10478757943566623,1.0120171558038855,0.0948024424328695,0.19250071136780486,0.8133358186570538,-0.1608178574110628,0.5583941605839416,0.09466367116485905,0.0910140361283627,0.09283885364661087,23.39539111894594,3.4036034331574144e-17,0.18248175182481752,0.0,148942.63750267238,302885.27500534477,483011.1272468774,934839.0397548944,11618292.287281955
all_eighteen,18,amount_mean_sd_log|buy_sell_imbalance_surprise_10d|intraday_range_10d|reversal_5d|avg_trade_size_surprise_20d|price_volume_pressure_10d|gap_intraday_divergence_5d|momentum_20d|realized_volatility_20d|amihud_illiquidity_20d|volume_acceleration_5_20|close_location_10d|overnight_reversal_5d|volume_price_trend_10d|downside_risk_ratio_20d|downside_volatility_20d|idiosyncratic_volatility_20d|downside_beta_60d,0.07163812342484545,1.222771986138417,historical_20d_ic,next_close_to_close,274,0.30027682406849676,0.2731502537652384,0.20333873996927743,0.18558691013543438,0.03811478688896641,0.035001558663320775,0.15915769158384974,0.14549287410406264,0.103626172589711,1.3320352151918577,0.09693808409921933,0.19084996387547476,0.9879729754437575,-0.1407476927304565,0.5656934306569343,0.0931723341459064,0.08952269910941005,0.09134751662765822,23.019574190169873,2.0259544244984608e-17,0.18248175182481752,0.0,148536.9066910649,302073.8133821298,485100.47268088744,935711.1927540821,12033387.399692774
amount_only,1,amount_mean_sd_log,0.08312679986971008,2.124516874947589,historical_20d_ic,next_open_to_open,260,0.3752522124349851,0.3618348185626079,0.29853364390550396,0.2881378408520756,0.01890412417638565,0.018317164330652336,0.2744414445816048,0.2649672282591664,0.1117234823912326,2.144166578867387,0.07671856852948111,0.19897054167609166,1.372698502930798,-0.1560235461158913,0.5807692307692308,0.07146756499288662,0.06762141114673277,0.06954448806980969,17.52521099359204,1.1102230246251566e-17,0.20384615384615384,0.0038461538461538464,113109.97045488987,231219.94090977975,387469.03054337436,731798.9419080438,12985336.439055039
amount_plus_imbalance,2,amount_mean_sd_log|buy_sell_imbalance_surprise_10d,0.0795081326714911,2.1754952594053933,historical_20d_ic,next_open_to_open,269,0.5086978470256007,0.4699925652879049,0.40183138470695434,0.37222409838200976,0.014356857928008893,0.013443476561404877,0.38199034565648016,0.3540213441779081,0.11102388129253479,2.7761624368369695,0.10686646231864638,0.2014868098330584,1.6722050070364183,-0.11808801920054579,0.5947955390334573,0.08645627830315537,0.08273880618419625,0.08459754224367581,21.318580645406303,2.6620589252164535e-16,0.19330855018587362,0.007434944237918215,146914.22771944874,298828.4554388975,520144.09078860516,965886.7739469514,14018313.847069543
amount_plus_imbalance_plus_range,3,amount_mean_sd_log|buy_sell_imbalance_surprise_10d|intraday_range_10d,0.08414794911176512,2.1168001053674703,historical_20d_ic,next_open_to_open,270,0.3739695869537072,0.3451745590141002,0.2984357065325305,0.2760247161607128,0.022655737540274057,0.021129513399880118,0.26967038747132355,0.24962083596247564,0.10855828029472879,2.058614991730015,0.0755338804211767,0.17800920068390175,1.4590049047503284,-0.12597216303824765,0.5962962962962963,0.06764246596848812,0.06393876226478441,0.06579061411663627,16.57923475739234,1.180125955805259e-16,0.1962962962962963,0.003703703703703704,109048.50090951979,223097.0018190396,376558.7283647609,708704.2310933203,12984357.065325305
all_legacy_four,4,amount_mean_sd_log|buy_sell_imbalance_surprise_10d|intraday_range_10d|reversal_5d,0.0855385412180559,2.1502246015879742,historical_20d_ic,next_open_to_open,274,0.36658100887930445,0.33273851628675355,0.26766288064427735,0.24375087027796005,0.03248840449433543,0.02984132318884436,0.22777444775771838,0.2077111709081163,0.11030506881292332,1.7251952625120466,0.0989181282350271,0.18245060016208062,1.2873701009051237,-0.11796703633081218,0.5912408759124088,0.0897921635983182,0.08614252856182186,0.08796734608007004,22.167771212177648,1.9408643386695254e-16,0.18613138686131386,0.0,144133.7749237727,293267.5498475454,477494.50821571914,914895.8329870373,12676628.806442773
plus_trade_size_surprise,5,amount_mean_sd_log|buy_sell_imbalance_surprise_10d|intraday_range_10d|reversal_5d|avg_trade_size_surprise_20d,0.08588843540845068,2.0991469146498662,historical_20d_ic,next_open_to_open,274,0.40109051585126787,0.363660101646716,0.3007166083064787,0.27354628330476816,0.03248840449433543,0.02984132318884436,0.259788102844128,0.23664321350138295,0.11119850121971689,1.922373259561103,0.10037390754478914,0.18120741530695575,1.4257070562160215,-0.10626725535740866,0.5875912408759124,0.08867917232827968,0.08502953729178334,0.08685435481003151,21.88729741212794,4.4206325542556416e-16,0.18613138686131386,0.0,143539.66149521997,292079.32299043995,477624.8358977748,913243.8203834346,13007166.083064787
plus_price_volume_pressure,6,amount_mean_sd_log|buy_sell_imbalance_surprise_10d|intraday_range_10d|reversal_5d|avg_trade_size_surprise_20d|price_volume_pressure_10d,0.08601473834550545,2.1169078394089955,historical_20d_ic,next_open_to_open,274,0.38318737752032606,0.34762606591589185,0.2844116563957517,0.25885630882938937,0.03248840449433543,0.02984132318884436,0.24399620451408044,0.22237890486994005,0.1110691221078273,1.8224198039730521,0.09877572112457433,0.18263107160503922,1.3524436502628936,-0.10808738785869498,0.583941605839416,0.08867078680571779,0.08502115176922143,0.08684596928746961,21.885184260442344,4.6191760878564906e-17,0.18613138686131386,0.0,142222.86068771296,289445.7213754259,470070.36576519103,901738.9478283299,12844116.563957518
all_seven,7,amount_mean_sd_log|buy_sell_imbalance_surprise_10d|intraday_range_10d|reversal_5d|avg_trade_size_surprise_20d|price_volume_pressure_10d|gap_intraday_divergence_5d,0.08603969590203005,2.1099810963020675,historical_20d_ic,next_open_to_open,274,0.38619504431185026,0.35032088863614064,0.28672564420758473,0.2609420075544766,0.03248840449433543,0.02984132318884436,0.24623738010671947,0.22440416709056188,0.11266148136155234,1.810918116460447,0.09946940010426553,0.1823576950791785,1.3632788180981408,-0.10602455770262187,0.5802919708029197,0.08894955691144578,0.08529992187494943,0.0871247393931976,21.955434327085797,9.805619414572551e-17,0.18613138686131386,0.0,142393.6371699305,289787.274339861,472212.96180713666,904393.873316928,12867256.442075847
all_eighteen,18,amount_mean_sd_log|buy_sell_imbalance_surprise_10d|intraday_range_10d|reversal_5d|avg_trade_size_surprise_20d|price_volume_pressure_10d|gap_intraday_divergence_5d|momentum_20d|realized_volatility_20d|amihud_illiquidity_20d|volume_acceleration_5_20|close_location_10d|overnight_reversal_5d|volume_price_trend_10d|downside_risk_ratio_20d|downside_volatility_20d|idiosyncratic_volatility_20d|downside_beta_60d,0.08632281846198861,2.130734693557073,historical_20d_ic,next_open_to_open,274,0.35607703776584043,0.3233142526094701,0.2596203871018161,0.23649179705697176,0.03248840449433543,0.02984132318884436,0.21998502028574607,0.20066244111107245,0.11046315973015376,1.6705408097917778,0.09645665066402431,0.1829617971289526,1.2522662397113646,-0.12072529833047374,0.5766423357664233,0.08830646210444487,0.08465682706794854,0.08648164458619671,21.79337443572157,1.235832198944061e-16,0.18613138686131386,0.0,141244.5900044268,287489.1800088536,466624.15641647903,895357.9264297595,12596203.871018162
