sample,mode,turnover_policy,start_date,end_date,n_periods,portfolio_size,rebalance_interval,buffer_exit_rank,gross_total_return,total_return,annual_return,benchmark_total_return,active_total_return,annual_excess_return,annual_volatility,sharpe,max_drawdown,win_rate,tracking_error,information_ratio,avg_one_way_turnover,annualized_one_way_turnover,total_sell_fee,total_slippage_cost,total_impact_cost,total_cost,normalized_final_nav,calmar,worst_5d_return,worst_20d_return,cvar_95,risk_variant,average_target_exposure
research80,next_open_to_open,baseline_equal_weight_1x,20250512,20260403,220,30,5,60,0.4398063060555357,0.35280710409782023,0.413594119389183,0.14272955801491705,0.18383837593895547,0.2132579031244881,0.17161770230590387,2.1039299167942622,-0.0858415379249382,0.5727272727272728,0.07718822167227316,2.501886738433984,0.08860436880431179,22.32830093868657,112049.60669055047,229099.21338110094,393812.28733604157,734961.1074076929,1.3528071040978202,4.818111713595336,-0.08413953437999766,-0.06543452763937663,-0.02514109902973325,baseline_equal_weight_1x,0.9999999999999999
holdout20,next_open_to_open,baseline_equal_weight_1x,20260407,20260626,55,30,5,60,-0.03926987343519017,-0.05156914335750451,-0.215407443038944,-0.10438499726930028,0.05897160470823093,0.3002157044028926,0.23056560262532458,-0.9379868158881011,-0.10896165264709623,0.5272727272727272,0.20384712560790727,1.3420580283880923,0.0858774685979299,21.641122086678333,32224.28972860944,64448.57945721888,79425.86672684568,176098.73591267402,0.9484308566424955,-1.9769105718009177,-0.05073563718112317,-0.09076828611051657,-0.032142535491452816,baseline_equal_weight_1x,0.9999999999999992
full,next_open_to_open,baseline_equal_weight_1x,20250512,20260626,275,30,5,60,0.38326529464554704,0.28304400061154955,0.2565755948943258,0.02344573622198176,0.25365122468326184,0.23017128288600142,0.18501324554427992,1.3274930380892922,-0.1089616526470959,0.5636363636363636,0.11382266527281407,1.838016043007596,0.0880589887630354,22.190865168284923,144273.8964191599,293547.7928383198,473238.15406288725,911059.8433203669,1.2830440006115496,2.3547329602765914,-0.08413953437999766,-0.09076828611051657,-0.027698772336962354,baseline_equal_weight_1x,0.9999999999999996
research80,next_open_to_open,vol_target_15_baseline_signal,20250512,20260403,220,30,5,60,0.41232500975565434,0.3296527253820041,0.3859147464910575,0.14272955801491705,0.16357603254071518,0.1895012834119687,0.15769108524321693,2.149600366380165,-0.06960106112861641,0.5727272727272728,0.0801068162324699,2.1348668276828366,0.08741354422540837,22.02821314480291,110593.17556897529,223728.67284003628,369055.4111635473,703377.259572559,1.329652725382004,5.544667570195837,-0.06820378505939406,-0.06697159067522529,-0.02246701844762088,vol_target_15_baseline_signal,0.9446725824064235
holdout20,next_open_to_open,vol_target_15_baseline_signal,20260407,20260626,55,30,5,60,-0.030524561176667464,-0.04097197882213921,-0.17442923588785975,-0.10438499726930028,0.07080388141535954,0.3681242105484075,0.18351803301133812,-0.953613363255131,-0.09583773091709613,0.5272727272727272,0.1718102274145978,1.832469015410423,0.07469516327082486,18.823181144247865,26988.985006882955,55307.67747532912,63749.06392928275,146045.72641149483,0.9590280211778608,-1.8200476390530234,-0.05144608753928126,-0.07517581900454251,-0.025929688943789813,vol_target_15_baseline_signal,0.7998257998278736
full,next_open_to_open,vol_target_15_baseline_signal,20250512,20260626,275,30,5,60,0.3692144085940301,0.2751742220768518,0.24951097080773565,0.02344573622198176,0.24596173196648263,0.22325510712147145,0.16334262924315776,1.4459005775142773,-0.09583773091709669,0.5636363636363636,0.10468879099320935,1.9083350707844222,0.08486986803449166,21.3872067446919,137582.16057585826,279036.3503153654,432804.47509283014,849422.9859840537,1.2751742220768518,2.603473271122959,-0.06820378505939406,-0.07517581900454251,-0.02423083975583007,vol_target_15_baseline_signal,0.9157032258907136
research80,next_open_to_open,vol_target_18_baseline_signal,20250512,20260403,220,30,5,60,0.42180126889939573,0.33642221178746357,0.393999977083912,0.14272955801491705,0.16949999447727504,0.19644066564398277,0.1645791526806443,2.1018139939213114,-0.0822535586865264,0.5727272727272728,0.07917927443655187,2.247549469359853,0.08847291817053769,22.2951753789755,112723.52026127093,228354.10392066496,387588.46756681614,728666.0917487519,1.3364222117874636,4.790066027239882,-0.08060265580677928,-0.06642052996367498,-0.02383099712177559,vol_target_18_baseline_signal,0.9807504018308526
holdout20,next_open_to_open,vol_target_18_baseline_signal,20260407,20260626,55,30,5,60,-0.035190239237144816,-0.04598780672567715,-0.1940282790843335,-0.10438499726930028,0.06520345278447959,0.33564495296529717,0.19758804866384508,-0.9938359015184505,-0.10094622897842243,0.5272727272727272,0.17944958341855183,1.635401235722978,0.07736407776726614,19.49574759735107,28051.16230293814,57508.74678591178,66757.20660281931,152317.11569166926,0.9540121932743229,-1.9220953674832932,-0.050964877579138146,-0.07892862283305335,-0.02767167033965216,vol_target_18_baseline_signal,0.8515312400053074
full,next_open_to_open,vol_target_18_baseline_signal,20250512,20260626,275,30,5,60,0.3717677420991501,0.2749630854078793,0.24932138532942738,0.02344573622198176,0.24575543214862305,0.2230695053860774,0.1718455129245057,1.3818096826258721,-0.10094622897842254,0.5636363636363636,0.10661061076213353,1.8859462641901028,0.08625115008988339,21.735289822650614,140774.68256420907,285862.8507065767,454345.6741696354,880983.2074404212,1.2749630854078793,2.469843478578287,-0.08060265580677928,-0.07892862283305335,-0.025759892591905992,vol_target_18_baseline_signal,0.9549065694657437
research80,next_open_to_open,invvol_target_15_legacy_ic,20250512,20260403,220,30,5,60,0.4310141264831733,0.3335029154965412,0.3905125424703657,0.14272955801491705,0.1669453250277546,0.19344747435343979,0.15639006327088303,2.18736725141709,-0.06848318803713127,0.5727272727272728,0.08542169497380932,2.0384408542987167,0.10030993208794452,25.278102886162017,127403.58527500846,257341.3815054621,439712.42126486095,824457.3880453315,1.3335029154965412,5.702312547988152,-0.06827557659891659,-0.06848318803713171,-0.022215847552201105,invvol_target_15_legacy_ic,0.9446471999957291
holdout20,next_open_to_open,invvol_target_15_legacy_ic,20260407,20260626,55,30,5,60,-0.0388623070477353,-0.05083643609848254,-0.2126263999932766,-0.10438499726930028,0.05978970987260013,0.3048244096608108,0.1871910145276652,-1.18413329703482,-0.09963169314403064,0.5272727272727272,0.17771917843005539,1.5090270847914617,0.08554603158539477,21.557599959519482,31016.553306990947,63247.938341219204,74504.51513939793,168769.0067876081,0.9491635639015175,-2.1341241254015157,-0.05049197728962562,-0.0725859032982713,-0.027250522635419456,invvol_target_15_legacy_ic,0.8033539315816216
full,next_open_to_open,invvol_target_15_legacy_ic,20250512,20260626,275,30,5,60,0.37540161611013745,0.2657123797457597,0.24101233531852406,0.02344573622198176,0.23671664744835197,0.21493505270928637,0.16326889912298895,1.4046409381512288,-0.09963169314403086,0.5636363636363636,0.10982899821038145,1.7567151862792438,0.09735715198743457,24.53400230083351,158420.1385819994,320589.31984668126,514216.9364042589,993226.3948329396,1.2657123797457597,2.4190328168980195,-0.06827557659891659,-0.0725859032982713,-0.024347122223657567,invvol_target_15_legacy_ic,0.9163885463129077
research80,next_open_to_open,low_risk_target_15,20250512,20260403,220,30,5,60,0.5035883965637278,0.4071318116589493,0.47880445297065544,0.14272955801491705,0.23137780220136772,0.269226551761264,0.1564245909603557,2.5810082820859512,-0.06974699881350899,0.5954545454545455,0.09023916479730118,2.6128093644536574,0.09342785605636311,23.543819726203505,123306.25930994589,249012.8575142225,433375.92247152625,805695.0392956946,1.4071318116589493,6.864875351137229,-0.06468691020876938,-0.06974699881350899,-0.021892404146288204,low_risk_target_15,0.9445509314514073
holdout20,next_open_to_open,low_risk_target_15,20260407,20260626,55,30,5,60,-0.144499878438048,-0.15789803130916646,-0.5449757463231448,-0.10438499726930028,-0.05975004201214407,-0.24594023322576664,0.18070618681758993,-4.261310394513334,-0.1824892362835283,0.36363636363636365,0.14587743543743287,-1.920811018185652,0.08959712034423332,22.578474326746797,32882.79067428561,67607.19059913002,116695.23482876435,217185.21610217998,0.8421019686908335,-2.9863446054233664,-0.07053800382800635,-0.12767185681831628,-0.02889868346281092,low_risk_target_15,0.8486455290334727
full,next_open_to_open,low_risk_target_15,20250512,20260626,275,30,5,60,0.286320056039409,0.18494846880550098,0.16824924471857972,0.02344573622198176,0.15780292678701424,0.14370092650646837,0.16392261197204255,1.0308370477500381,-0.18968590250826023,0.5490909090909091,0.10426941320244844,1.2715290776816381,0.09266170891393714,23.35075064631216,156189.0499842315,316620.04811335256,550071.1573002907,1022880.2553978745,1.184948468805501,0.8869886612224807,-0.07053800382800635,-0.12767185681831628,-0.02411571982223442,low_risk_target_15,0.9253698509678203
research80,next_open_to_open,low_risk_target_18,20250512,20260403,220,30,5,60,0.5076520895069705,0.4075319599424798,0.4792861608692549,0.14272955801491705,0.23172797104116238,0.26963999145159323,0.16301486067565096,2.485160074106172,-0.07668777706091745,0.5954545454545455,0.08865275709676763,2.6751857588649686,0.09579601588453604,24.14059600290308,127076.91885254707,256980.1357901461,456845.129450747,840902.1840934402,1.4075319599424798,6.249837708668107,-0.07668777706091745,-0.0724464076563952,-0.023156017675572002,low_risk_target_18,0.979292164513155
holdout20,next_open_to_open,low_risk_target_18,20260407,20260626,55,30,5,60,-0.15999859132255934,-0.1739217399166494,-0.5833166056878522,-0.10438499726930028,-0.07764133297827203,-0.3094781638676122,0.19298190662740294,-4.43308773849073,-0.1980511583783523,0.36363636363636365,0.1513675086976739,-2.415733470285655,0.09375170104214618,23.625428662620838,34294.37956887144,70304.54902759807,123922.50958580444,228521.43818227394,0.8260782600833506,-2.94528247380153,-0.08116259354169542,-0.14100158672048835,-0.030744074532862393,low_risk_target_18,0.8936292306282079
full,next_open_to_open,low_risk_target_18,20250512,20260626,275,30,5,60,0.26642987898134196,0.16273155248099158,0.14816153713067437,0.02344573622198176,0.13609496950290412,0.1240353201441764,0.17202333282140372,0.8893751288054912,-0.21286344259868495,0.5490909090909091,0.10501815088326177,1.1102591525361645,0.09538715291605808,24.037562534846636,161371.2984214185,327284.6848177441,580767.6390365515,1069423.6222757138,1.1627315524809916,0.6960403126149088,-0.08116259354169542,-0.14100158672048835,-0.025783949787302758,low_risk_target_18,0.9621595777361658
