sample,mode,start_date,end_date,n_periods,leverage,annual_financing_rate,total_return,annual_return,benchmark_total_return,active_total_return,annual_excess_return,annual_volatility,sharpe,max_drawdown,win_rate,total_linear_cost_rate,total_impact_cost_rate,total_financing_rate,normalized_final_nav
full,next_open_to_open,20250512,20260626,275,1.0,0.04,0.2830440006115471,0.2565755948943236,0.02344573622197621,0.2536512246832645,0.23017128288600386,0.1850132455442792,1.327493038089288,-0.10896165264709623,0.5636363636363636,0.036074332864752104,0.039079125260672025,0.0,1.283044000611547
full,next_open_to_open,20250512,20260626,275,1.01,0.04,0.2851844867934039,0.25849646087277667,0.02344573622197621,0.25574267526642824,0.2320517858772828,0.186862525704525,1.3243805003222249,-0.11009107865765211,0.5636363636363636,0.036435076193399626,0.03966677517344769,0.0004365079365079369,1.285184486793404
full,next_open_to_open,20250512,20260626,275,1.02,0.04,0.2873198709329323,0.26041248169640596,0.02344573622197621,0.2578291406880451,0.2339275455245471,0.18871179157928183,1.3213146167027243,-0.11122011237344309,0.5636363636363636,0.03679581952204715,0.04025734149281679,0.0008730158730158738,1.2873198709329323
full,next_open_to_open,20250512,20260626,275,1.03,0.04,0.2894501335948021,0.2623236423155966,0.02344573622197621,0.25991060195802396,0.23579854709442083,0.19056104318919503,1.3182940961139185,-0.11234875134000077,0.5636363636363636,0.03715656285069467,0.04085080988710931,0.0013095238095238108,1.289450133594802
full,next_open_to_open,20250512,20260626,275,1.04,0.04,0.2915752552321096,0.26422992757723285,0.02344573622197621,0.2619870399772508,0.23766477575219636,0.1924102805542047,1.3153176961092286,-0.11347699311653858,0.5636363636363636,0.037517306179342194,0.041447166233887105,0.0017460317460317475,1.2915752552321096
full,next_open_to_open,20250512,20260626,275,1.05,0.04,0.2936952161909212,0.2661313222288284,0.02344573622197621,0.26405843554203456,0.2395262165658849,0.1942595036935632,1.3123842206183585,-0.11460483527573295,0.5636363636363636,0.03787804950798972,0.0420463966149018,0.0021825396825396843,1.2936952161909212
full,next_open_to_open,20250512,20260626,275,1.06,0.04,0.295809996714802,0.2680278109226404,0.02344573622197621,0.26612476934854823,0.2413828545102572,0.1961087126258557,1.3094925177823735,-0.11573227540349618,0.5636363636363636,0.03823879283663723,0.04264848731122123,0.0026190476190476215,1.295809996714802
full,next_open_to_open,20250512,20260626,275,1.07,0.04,0.29791957694932214,0.2699193782197573,0.02344573622197621,0.26818602199717967,0.24323467447080094,0.19795790736901622,1.3066414779093127,-0.11685931109874836,0.5636363636363636,0.038599536165284755,0.04325342479851711,0.003055555555555559,1.2979195769493221
full,next_open_to_open,20250512,20260626,275,1.08,0.04,0.3000239369460176,0.2718060085936955,0.02344573622197621,0.27024217399646444,0.24508166124729547,0.19980708794034646,1.3038300315429432,-0.11798593997323148,0.5636363636363636,0.038960279493932284,0.043861195742507325,0.003492063492063495,1.3000239369460176
full,next_open_to_open,20250512,20260626,275,1.09,0.04,0.3021230566667148,0.2736876864343165,0.02344573622197621,0.27229320576727956,0.24692379955762034,0.20165625435653164,1.3010571476368225,-0.11911215965128896,0.5636363636363636,0.0393210228225798,0.04447178699454621,0.003928571428571431,1.3021230566667148
full,next_open_to_open,20250512,20260626,275,1.1,0.04,0.3042169159873769,0.27556439605131255,0.02344573622197621,0.2743390976466,0.248761074041165,0.20350540663365682,1.2983218318275853,-0.12023796776967977,0.5636363636363636,0.03968176615122732,0.04508518558735676,0.004365079365079369,1.3042169159873769
full,next_open_to_open,20250512,20260626,275,1.11,0.04,0.3063054947020385,0.27743612167776743,0.02344573622197621,0.276379829891356,0.25059346926232573,0.20535454478722298,1.2956231248008354,-0.12136336197738695,0.5636363636363636,0.04004250947987484,0.04570137873089897,0.004801587301587307,1.3063054947020385
full,next_open_to_open,20250512,20260626,275,1.12,0.04,0.3083887725265233,0.2793028474735191,0.02344573622197621,0.27841538268204324,0.25242096971377936,0.20720366883216174,1.2929601007440188,-0.12248833993543351,0.5636363636363636,0.04040325280852236,0.04632035380836881,0.005238095238095243,1.3083887725265233
full,next_open_to_open,20250512,20260626,275,1.13,0.04,0.3104667291020824,0.28116455752844804,0.02344573622197621,0.2804457361263073,0.25424355981972724,0.20905277878284953,1.2903318658808989,-0.12361289931670538,0.5636363636363636,0.040763996137169876,0.0469420983723224,0.005674603174603171,1.3104667291020824
full,next_open_to_open,20250512,20260626,275,1.14,0.04,0.31253934399896655,0.2830212358657025,0.02344573622197621,0.28247087026242523,0.2560612239390456,0.21090187465312296,1.287737557082733,-0.12473703780577383,0.5636363636363636,0.04112473946581739,0.047566600140920665,0.006111111111111108,1.3125393439989665
full,next_open_to_open,20250512,20260626,275,1.15,0.04,0.31460659671984814,0.28487286644478726,0.02344573622197621,0.2844907650626247,0.25787394636828753,0.21275095645629125,1.2851763405512175,-0.12586075309873446,0.5636363636363636,0.041485482794464915,0.04819384699428936,0.0065476190476190434,1.3146065967198481
full,next_open_to_open,20250512,20260626,275,1.16,0.04,0.31666846670309967,0.2867194331645184,0.02344573622197621,0.28650540043632144,0.25968171134460616,0.21460002420515023,1.2826474105693015,-0.1269840429030491,0.5636363636363636,0.04184622612311244,0.048823826970990296,0.0069841269841269815,1.3166684667030997
full,next_open_to_open,20250512,20260626,275,1.17,0.04,0.3187249333262716,0.2885609198661565,0.02344573622197621,0.28851475623349754,0.261484503048804,0.21644907791199466,1.280149988315487,-0.12810690493736698,0.5636363636363636,0.04220696945175996,0.04945652826459919,0.007420634920634916,1.3187249333262716
full,next_open_to_open,20250512,20260626,275,1.18,0.04,0.3207759759089712,0.2903973103359987,0.02344573622197621,0.2905188122475213,0.2632823056078759,0.218298117588631,1.2776833207380252,-0.1292293369314006,0.5636363636363636,0.04256771278040748,0.050091939220386114,0.007857142857142854,1.3207759759089712
full,next_open_to_open,20250512,20260626,275,1.19,0.04,0.32282157371612774,0.29222858830831333,0.02344573622197621,0.29251754821832265,0.2650751030978715,0.22014714324638945,1.2752466794854633,-0.13035133662575593,0.5636363636363636,0.042928456109055005,0.05073004833209467,0.00829365079365079,1.3228215737161277
full,next_open_to_open,20250512,20260626,275,1.2,0.04,0.3248617059609855,0.2940547374680309,0.02344573622197621,0.29451094383535925,0.2668628795465635,0.22199615489613478,1.272839359890237,-0.1314729017717965,0.5636363636363636,0.04328919943770253,0.05137084423881604,0.008730158730158725,1.3248617059609855
full,next_open_to_open,20250512,20260626,275,1.21,0.04,0.3268963518079866,0.2958757414533306,0.02344573622197621,0.2964989787403738,0.26864561893592853,0.22384515254827925,1.2704606800024119,-0.13259403013150217,0.5636363636363636,0.04364994276635004,0.05201431572195446,0.009166666666666665,1.3268963518079866
full,next_open_to_open,20250512,20260626,275,1.22,0.04,0.32892549037564534,0.29769158385821903,0.02344573622197621,0.2984816325302573,0.27042330520472024,0.2256941362127915,1.2681099796704176,-0.13371471947733127,0.5636363636363636,0.04401068609499757,0.05266045170228058,0.009603174603174603,1.3289254903756453
full,next_open_to_open,20250512,20260626,275,1.23,0.04,0.33094910073934614,0.2995022482350369,0.02344573622197621,0.30045888475974225,0.2721959222508872,0.22754310589920929,1.265786619666446,-0.13483496759209235,0.5636363636363636,0.04437142942364509,0.05330924123706962,0.01003968253968254,1.3309491007393461
full,next_open_to_open,20250512,20260626,275,1.24,0.04,0.3329671619340189,0.30130771809685375,0.02344573622197621,0.30243071494403995,0.27396345393393773,0.2293920616166476,1.2634899808537219,-0.1359547722688117,0.5636363636363636,0.04473217275229261,0.05396067351732116,0.010476190476190476,1.3329671619340189
full,next_open_to_open,20250512,20260626,275,1.25,0.04,0.33497965295688337,0.3031079769199232,0.02344573622197621,0.304397102561514,0.27572588407733645,0.23124100337381054,1.2612194633935172,-0.1370741313106042,0.5636363636363636,0.045092916080940126,0.0546147378650574,0.010912698412698412,1.3349796529568834
full,next_open_to_open,20250512,20260626,275,1.26,0.04,0.336986552769893,0.30490300814586546,0.02344573622197621,0.30635802705607373,0.27748319647064656,0.23308993117899987,1.2589744859896113,-0.13819304253056508,0.5636363636363636,0.045453659409587656,0.05527142373069737,0.011349206349206348,1.336986552769893
full,next_open_to_open,20250512,20260626,275,1.27,0.04,0.3389878403023754,0.30669279518402504,0.02344573622197621,0.308313467839745,0.27923537487182837,0.23493884504012494,1.2567544851681334,-0.13931150375163326,0.5636363636363636,0.04581440273823517,0.055930720690504254,0.011785714285714287,1.3389878403023754
full,next_open_to_open,20250512,20260626,275,1.28,0.04,0.34098349445350085,0.3084773214136718,0.02344573622197621,0.31026340429508803,0.2809824030094008,0.2367877449647114,1.254558914590905,-0.14042951280649207,0.5636363636363636,0.046175146066882694,0.05659261844410306,0.012222222222222225,1.3409834944535008
full,next_open_to_open,20250512,20260626,275,1.29,0.04,0.34297349409455546,0.31025657018602515,0.02344573622197621,0.3122078157774193,0.28272426458442346,0.23863663095991008,1.2523872444004687,-0.14154706753744728,0.5636363636363636,0.04653588939553022,0.05725710681206641,0.012658730158730157,1.3429734940945555
full,next_open_to_open,20250512,20260626,275,1.3,0.04,0.3449578180714754,0.31203052482651095,0.02344573622197621,0.3141466816172864,0.2844609432727041,0.2404855030325057,1.250238960595105,-0.1426641657963228,0.5636363636363636,0.04689663272417774,0.05792417573356594,0.0130952380952381,1.3449578180714754
full,next_open_to_open,20250512,20260626,275,1.31,0.04,0.3469364452070054,0.3137991686366788,0.02344573622197621,0.3160799811225812,0.2861924227266799,0.24233436118892615,1.2481135644322265,-0.1437808054443509,0.5636363636363636,0.04725737605282526,0.058593815264087114,0.013531746031746035,1.3469364452070054
full,next_open_to_open,20250512,20260626,275,1.32,0.04,0.34890935430303616,0.3155624848962788,0.02344573622197621,0.31800769358080316,0.2879186865774326,0.24418320543524874,1.2460105718586738,-0.144896984352071,0.5636363636363636,0.047618119381472784,0.05926601557320502,0.013968253968253967,1.3489093543030362
full,next_open_to_open,20250512,20260626,275,1.33,0.04,0.35087652414276715,0.31732045686517973,0.02344573622197621,0.3199297982612028,0.28963971843659286,0.24603203577720945,1.243929512966433,-0.1460127003992282,0.5636363636363636,0.04797886271012031,0.05994076694241955,0.01440476190476191,1.3508765241427672
full,next_open_to_open,20250512,20260626,275,1.34,0.04,0.3528379334928389,0.31907306778525957,0.02344573622197621,0.32184627441686064,0.29135550189818704,0.24788085222021014,1.2418699314726118,-0.14712795147467583,0.5636363636363636,0.04833960603876783,0.060618059763047356,0.014841269841269846,1.3528379334928389
full,next_open_to_open,20250512,20260626,275,1.35,0.04,0.35479356110555527,0.320820300882372,0.02344573622197621,0.3237571012868168,0.29306602054052555,0.24972965476932596,1.2398313842222728,-0.14824273547627342,0.5636363636363636,0.04870034936741535,0.06129788453416922,0.015277777777777777,1.3547935611055553
full,next_open_to_open,20250512,20260626,275,1.36,0.04,0.356743385720786,0.32256213936802913,0.02344573622197621,0.32566225809799,0.29477125792790293,0.2515784434293131,1.237813440712989,-0.14935705031080426,0.5636363636363636,0.04906109269606286,0.06198023186063057,0.01571428571428572,1.356743385720786
full,next_open_to_open,20250512,20260626,275,1.37,0.04,0.35868738606805106,0.32429856644124233,0.02344573622197621,0.3275617240671782,0.2964711976123686,0.2534272182046151,1.2358156826400957,-0.15047089389387636,0.5636363636363636,0.04942183602471039,0.06266509245109368,0.01615079365079366,1.358687386068051
full,next_open_to_open,20250512,20260626,275,1.38,0.04,0.3606255408686352,0.32602956529038973,0.02344573622197621,0.32945547840313183,0.2981658231355615,0.2552759790993699,1.2338377034614452,-0.1515842641498304,0.5636363636363636,0.049782579353357906,0.0633524571161396,0.01658730158730158,1.3606255408686352
full,next_open_to_open,20250512,20260626,275,1.39,0.04,0.3625578288372895,0.327755119094713,0.02344573622197621,0.3313435003082188,0.2998551180301774,0.25712472611741694,1.2318791079809197,-0.15269715901166536,0.5636363636363636,0.05014332268200543,0.06404231676641843,0.01702380952380952,1.3625578288372895
full,next_open_to_open,20250512,20260626,275,1.4,0.04,0.3644842286842722,0.32947521102611654,0.02344573622197621,0.333225768980415,0.30153906582172696,0.2589734592623033,1.2299395119494592,-0.1538095764209435,0.5636363636363636,0.05050406601065295,0.06473466241084619,0.01746031746031745,1.3644842286842722
