turnover_policy,recommended,portfolio_size,rebalance_interval,buffer_exit_rank,strategy,mode,n_periods,gross_total_return,gross_annual_return,total_return,annual_return,benchmark_total_return,benchmark_annual_return,active_total_return,annual_excess_return,tracking_error,information_ratio,cost_drag,annual_volatility,sharpe,max_drawdown,win_rate,avg_buy_turnover,avg_sell_turnover,avg_one_way_turnover,annualized_one_way_turnover,avg_cash_weight,avg_blocked_buys,avg_blocked_sells,total_sell_fee,total_slippage_cost,total_impact_cost,total_cost,final_nav
daily_top10,False,10,1,,historical_20d_ic,next_close_to_close,274,0.2288201317756149,0.2086571468596441,-0.3954559736202694,-0.3705264065181737,0.03811478688896641,0.035001558663320775,-0.4176520419370642,-0.3918138690585403,0.15909896266284637,-3.082453937779948,0.6242761053958843,0.21197272791250887,-2.0752402100048397,-0.41259158003456087,0.4562043795620438,0.6091665983749984,0.605516963338502,0.6073417808567502,153.05012877590104,8.537371944836514e-16,0.8357664233576643,0.010948905109489052,673587.3351945628,1352174.6703891256,3807284.727888277,5833046.733471965,6045440.2637973055
five_day_top10,False,10,5,,historical_20d_ic,next_close_to_close,274,0.3068467490269897,0.2790654108473709,0.07241259251164922,0.06640970245639166,0.03811478688896641,0.035001558663320775,0.03303854839161291,0.030345986950619963,0.1684758617244807,0.2433402374723071,0.2344341565153405,0.23280559884373106,0.39310846570386593,-0.19196327221473564,0.5583941605839416,0.1611924783722433,0.15754284333574695,0.15936766085399512,40.16065053520677,3.2415270791975373e-16,0.16058394160583941,0.0,235339.18438875955,475678.3687775191,1444290.3000208791,2155307.853187158,10724125.925116492
daily_buffer20,False,10,1,20.0,historical_20d_ic,next_close_to_close,274,0.25466767041010074,0.23201967479831898,-0.23429284026219188,-0.21770322182171886,0.03811478688896641,0.035001558663320775,-0.262406075504921,-0.2441588405059063,0.16143308370429285,-1.6790274823444737,0.4889605106722926,0.22275668110643632,-0.9900025778594232,-0.2681742941073658,0.5291970802919708,0.4126815141049335,0.40903187906843713,0.41085669658668533,103.53588753984471,1.863878070538584e-17,0.7992700729927007,0.0036496350364963502,517465.09527744015,1039930.1905548803,3019419.211855743,4576814.497688063,7657071.597378082
five_day_buffer20,False,10,5,20.0,historical_20d_ic,next_close_to_close,274,0.15664271892270842,0.143206901753278,-0.020841391722995817,-0.019184154818973176,0.03811478688896641,0.035001558663320775,-0.05679157965627668,-0.05235326751804559,0.16136654502285383,-0.2666803160560719,0.17748411064570424,0.23109310989713472,0.032400854980505656,-0.23321073691789285,0.5437956204379562,0.13629374400640532,0.13264410896990894,0.13446892648815714,33.8861694750156,2.917374371277784e-17,0.16058394160583941,0.0,199545.27787123242,404090.55574246484,1229217.3255829741,1832853.1591966716,9791586.082770042
five_day_buffer60_top30,True,30,5,60.0,historical_20d_ic,next_close_to_close,274,0.25700194634846496,0.2341276169581834,0.16220295366506643,0.148260317581973,0.03811478688896641,0.035001558663320775,0.11953222162258936,0.10942858778388942,0.10421155312977975,1.0194168023653267,0.09479899268339853,0.1919448400138481,0.8166716220040989,-0.16499976408478745,0.5656934306569343,0.09430544817392617,0.0906558131374298,0.092480630655678,23.305118925230857,3.760171411869143e-16,0.18613138686131386,0.0,149000.6569584203,303001.3139168406,486600.7418912973,938602.7127665582,11622029.536650663
daily_top10,False,10,1,,historical_20d_ic,next_open_to_open,274,0.5960919413455483,0.5372835695758404,-0.2570016200600931,-0.2390668487384371,0.03248840449433543,0.02984132318884436,-0.28038089657404375,-0.26111612135995876,0.1724384506884196,-1.6939335368601771,0.8530935614056414,0.22532916572726647,-1.0984623693639985,-0.29329342829447114,0.48175182481751827,0.6095156659162456,0.6058660308797492,0.6076908483979975,153.13809379629535,8.241582598859739e-16,0.8832116788321168,0.0072992700729927005,791740.5982351319,1588481.1964702643,4947573.255791046,7327795.050496442,7429983.7993990695
five_day_top10,False,10,5,,historical_20d_ic,next_open_to_open,274,0.43193690924429373,0.3912476622727268,0.1563917750110757,0.14297878560302157,0.03248840449433543,0.02984132318884436,0.12000461213646352,0.10985912088267358,0.1648142439711614,0.6889437660101604,0.275545134233218,0.22098344509228057,0.7155803515567088,-0.161986529574779,0.5401459854014599,0.16696912165897318,0.16331948662247678,0.16514430414072498,41.616364643462695,9.278871264202951e-17,0.18248175182481752,0.0,263571.9275548945,532143.855109789,1721113.6566017407,2516829.4392664246,11563917.750110757
daily_buffer20,False,10,1,20.0,historical_20d_ic,next_open_to_open,274,0.553744322365656,0.49973080820576765,-0.08146974285510522,-0.07518095396675639,0.03248840449433543,0.02984132318884436,-0.11037232655920204,-0.10197908628331509,0.17578117554906741,-0.5527051082369647,0.6352140652207612,0.22587706218120043,-0.2327438109760673,-0.1770316782113106,0.5218978102189781,0.41283591028210787,0.40918627524561146,0.4110110927638597,103.57479537649265,2.06647351298843e-17,0.8613138686131386,0.0,584249.2624190787,1173498.5248381575,3719115.4915548647,5476863.2788121,9185302.571448948
five_day_buffer20,False,10,5,20.0,historical_20d_ic,next_open_to_open,274,0.3239731129730503,0.29447374758885303,0.10983023117086654,0.10058303215293818,0.03248840449433543,0.02984132318884436,0.07490817944286277,0.06869185317311932,0.15868193657519913,0.4666496157928475,0.21414288180218377,0.21312886820567822,0.556623469774793,-0.1855944032192095,0.5401459854014599,0.1384292288968807,0.13477959386038435,0.13660441137863252,34.424311667415395,1.5883482688067933e-16,0.17883211678832117,0.0,213666.11593063286,432332.2318612657,1397673.0774083813,2043671.4252002798,11098302.311708666
five_day_buffer60_top30,True,30,5,60.0,historical_20d_ic,next_open_to_open,274,0.3635514348890365,0.33002095222427497,0.2650893424231926,0.24142842417046984,0.03248840449433543,0.02984132318884436,0.2252818888002701,0.20545602144460662,0.1140965217492238,1.6534198358311571,0.09846209246584392,0.1836711590718405,1.2698407242152765,-0.11650568759522428,0.5802919708029197,0.08947661660183472,0.08582698156533837,0.08765179908358654,22.08825336906381,4.6191760878564906e-17,0.18613138686131386,0.0,142694.50243758218,290389.00487516436,473523.6361805722,906607.1434933187,12650893.424231926
