fold,model,split,n_samples,positive_rate,majority_baseline_accuracy,loss,accuracy,balanced_accuracy,precision,recall,f1,auc,pr_auc,tn,fp,fn,tp
1,logistic_regression,train,83880,0.2854554057121277,0.714544587505961,0.5850050449371338,0.7142703862660944,0.5108180962689415,0.49353569421023047,0.03666889408620114,0.06826575438323679,0.6153166444418985,0.37692079745408946,59035,901,23066,878
1,logistic_regression,validation,27960,0.2788626551628113,0.721137339055794,0.5779280066490173,0.7217811158798283,0.5077222884358198,0.5255681818181818,0.023727074515839424,0.045404344091299544,0.6118836115643398,0.3751780526682994,19996,167,7612,185
1,logistic_regression,test,27960,0.30751073360443115,0.6924892703862661,0.6079005599021912,0.6926680972818312,0.5079204754487409,0.5052410901467506,0.02802977436613166,0.0531129476584022,0.6010726653375981,0.3887678421325117,19126,236,8357,241
2,logistic_regression,train,111840,0.2838072180747986,0.7161927753934192,0.5828262567520142,0.7155132331902718,0.5106145054555823,0.48421926910299,0.03673482246936139,0.06828896893027614,0.617734835614699,0.3785213379438405,78857,1242,30575,1166
2,logistic_regression,validation,27960,0.30751073360443115,0.6924892703862661,0.6081704497337341,0.6924177396280401,0.5085802702872001,0.498134328358209,0.031053733426378228,0.058462885920735716,0.5994529305501464,0.38924447516617544,19093,269,8331,267
2,logistic_regression,test,27960,0.3134477734565735,0.686552217453505,0.6098431348800659,0.6875536480686695,0.5151774069772828,0.5154867256637168,0.05317206754906435,0.0964004964832437,0.6120679957048332,0.40481263422785835,18758,438,8298,466
3,logistic_regression,train,139800,0.28854793310165405,0.7114520743919885,0.587788462638855,0.7108440629470673,0.5103518712283263,0.4858850880106277,0.03626763182032276,0.06749711649365629,0.6154338433899664,0.38109621607481414,97913,1548,38876,1463
3,logistic_regression,validation,27960,0.3134477734565735,0.686552217453505,0.6089972257614136,0.6876609442060085,0.5154105706641112,0.5170142700329309,0.05374258329529895,0.09736434108527131,0.6143647109226792,0.4061095480927893,18756,440,8293,471
3,logistic_regression,test,27960,0.3118740916252136,0.6881258941344778,0.6078298091888428,0.6877682403433476,0.5135663230273322,0.4943946188340807,0.05057339449541284,0.09176029962546817,0.612853001201625,0.4040254028334906,18789,451,8279,441
