fold,epoch,batch_loss,train_loss,train_accuracy,val_loss,val_accuracy,val_auc
1,1,0.5880509538621437,0.5751256346702576,0.7149499284692418,0.5655953884124756,0.7212804005722461,0.6573260236371252
1,2,0.5706371824915816,0.5653165578842163,0.7155340963280877,0.5538967251777649,0.7223175965665236,0.6766007290677172
1,3,0.5634862355342726,0.5605699419975281,0.7154029566046733,0.5500679612159729,0.7213161659513591,0.6856945412650144
2,1,0.5919843030302492,0.5726404190063477,0.7162732474964235,0.6004510521888733,0.6920600858369099,0.6140151508871546
2,2,0.5657769071457048,0.5584539771080017,0.7143776824034335,0.5958183407783508,0.6917381974248927,0.6279857009431283
2,3,0.5555960546889805,0.5515209436416626,0.7164431330472103,0.590283989906311,0.6922746781115879,0.6449965789350195
3,1,0.5901655089246095,0.5763963460922241,0.7115808297567954,0.6009363532066345,0.6896280400572246,0.6297393405213643
3,2,0.569412611696842,0.5618637204170227,0.7120457796852646,0.590693473815918,0.688519313304721,0.6496198527211045
3,3,0.5605814443887586,0.5567919611930847,0.7126609442060086,0.5895126461982727,0.6878040057224607,0.652683144232943
